{"cameraMode":{"drawMode":0,"name":"Shaded","section":"Shading Mode"},"sceneLighting":false,"audioPlay":false,"sceneViewState":{"m_AlwaysRefresh":false,"showFog":true,"showSkybox":false,"showFlares":true,"showImageEffects":true,"showParticleSystems":true,"showVisualEffectGraphs":true,"m_FxEnabled":true},"in2DMode":false,"pivot":{"x":0.27342408895492556,"y":-0.14859721064567567,"z":-0.3774653673171997},"rotation":{"x":-0.05003701522946358,"y":-0.9499602913856506,"z":0.2192324697971344,"w":-0.21681657433509828},"size":2.1557905673980715,"orthographic":false}