{"cameraMode":{"drawMode":0,"name":"Shaded","section":"Shading Mode"},"sceneLighting":false,"audioPlay":false,"sceneViewState":{"m_AlwaysRefresh":false,"showFog":true,"showSkybox":false,"showFlares":true,"showImageEffects":true,"showParticleSystems":true,"showVisualEffectGraphs":true,"m_FxEnabled":true},"in2DMode":false,"pivot":{"x":23.747539520263673,"y":1.7000000476837159,"z":13.300000190734864},"rotation":{"x":-0.010804382152855397,"y":-0.030895773321390153,"z":0.00033399841049686074,"w":-0.9994643926620483},"size":0.7293056845664978,"orthographic":false}